Year,Coast,Subregion,State,Common Name,Pounds,Live Pounds,Dollars,% Display
2025,US Atlantic Coast,Mid-Atlantic,DELAWARE,MENHADENS,,,,0%
2025,US Atlantic Coast,Mid-Atlantic,DELAWARE,"MENHADEN, ATLANTIC",,,,0%
2025,US Atlantic Coast,Mid-Atlantic,MARYLAND,MENHADENS,466347,466347,107711.94,100%
2025,US Atlantic Coast,North Atlantic,MASSACHUSETTS,MENHADENS,12120706,12120706,3901477.77,100%
2025,US Atlantic Coast,South Atlantic,NORTH CAROLINA,MENHADENS,458487.22,458487.22,132013.24,100%
2025,US Atlantic Coast,North Atlantic,CONNECTICUT,MENHADENS,61053,61053,21128.68,100%
2025,US Atlantic Coast,North Atlantic,NEW HAMPSHIRE,MENHADENS,6592800,6592800,2058931,100%
2025,US Atlantic Coast,Mid-Atlantic,NEW JERSEY,MENHADENS,140112104.78,140112104.78,31959304.727,100%
2025,US Atlantic Coast,North Atlantic,RHODE ISLAND,MENHADENS,359838,359838,94468.68,100%
2025,US Atlantic Coast,Mid-Atlantic,NEW YORK,MENHADENS,720181,720181,223547.23,100%
2025,US Atlantic Coast,Mid-Atlantic,VIRGINIA,MENHADENS,894889.48,894889.48,156472.49,100%
2025,US Atlantic Coast,North Atlantic,MAINE,MENHADENS,16782508.77,16782508.77,8997047.84,100%
2024,US Atlantic Coast,Mid-Atlantic,MARYLAND,MENHADENS,,,,0%
2024,US Atlantic Coast,North Atlantic,NEW HAMPSHIRE,MENHADENS,,,,0%
2024,US Atlantic Coast,Mid-Atlantic,DELAWARE,MENHADENS,,,,0%
2024,US Atlantic Coast,Mid-Atlantic,NEW JERSEY,MENHADENS,96418404.72,96418404.72,22441862.255,100%
2024,US Atlantic Coast,North Atlantic,MASSACHUSETTS,MENHADENS,12346376,12346376,3607996.67,100%
2024,US Atlantic Coast,North Atlantic,CONNECTICUT,MENHADENS,49896,49896,16363.37,100%
2024,US Atlantic Coast,North Atlantic,RHODE ISLAND,MENHADENS,1904865,1904865,685360.43,100%
2024,US Atlantic Coast,South Atlantic,NORTH CAROLINA,MENHADENS,359167.04,359167.04,96243.36,100%
2024,US Atlantic Coast,Mid-Atlantic,NEW YORK,MENHADENS,1406450.38,1406450.38,345457.26,100%
2024,US Atlantic Coast,Mid-Atlantic,DELAWARE,"MENHADEN, ATLANTIC",46279,46279,11749.14,100%
2024,US Atlantic Coast,Mid-Atlantic,VIRGINIA,MENHADENS,316427188.28,316427188.28,79027973.73775,100%
2024,US Atlantic Coast,North Atlantic,MAINE,MENHADENS,14357549.81,14357549.81,6077698.41,100%
2023,US Atlantic Coast,Mid-Atlantic,VIRGINIA,MENHADENS,294146886.53,294146886.53,55878251.5591,100%
2023,US Atlantic Coast,North Atlantic,CONNECTICUT,MENHADENS,202157,202157,50644.95,100%
2023,US Atlantic Coast,North Atlantic,MASSACHUSETTS,MENHADENS,2980815,2980815,893019.27,100%
2023,US Atlantic Coast,South Atlantic,NORTH CAROLINA,MENHADENS,619374.26,619374.26,166470.33,100%
2023,US Atlantic Coast,North Atlantic,MAINE,MENHADENS,14198454.68,14198454.68,6355502.93,100%
2023,US Atlantic Coast,Mid-Atlantic,NEW YORK,MENHADENS,450198.7,450198.7,117739.87,100%
2023,US Atlantic Coast,North Atlantic,RHODE ISLAND,MENHADENS,159875,159875,58087.5,100%
2023,US Atlantic Coast,Mid-Atlantic,DELAWARE,"MENHADEN, ATLANTIC",46971,46971,22604.22,100%
2023,US Atlantic Coast,Mid-Atlantic,MARYLAND,MENHADENS,3125593,3125593,654843.39,100%
2023,US Atlantic Coast,Mid-Atlantic,NEW JERSEY,MENHADENS,84147202.73,84147202.73,20592263.80175,100%
2023,US Atlantic Coast,North Atlantic,NEW HAMPSHIRE,MENHADENS,4375900,4375900,1408295,100%
2022,US Atlantic Coast,Mid-Atlantic,DELAWARE,MENHADENS,,,,0%
2022,US Atlantic Coast,Mid-Atlantic,DELAWARE,"MENHADEN, ATLANTIC",52929,52929,136408.25,100%
2022,US Atlantic Coast,Mid-Atlantic,MARYLAND,MENHADENS,4982957,4982957,862810.35,100%
2022,US Atlantic Coast,Mid-Atlantic,NEW JERSEY,MENHADENS,48029601.87,48029601.87,11653571.215,100%
2022,US Atlantic Coast,Mid-Atlantic,NEW YORK,MENHADENS,1095744,1095744,336387.01,100%
2022,US Atlantic Coast,Mid-Atlantic,VIRGINIA,MENHADENS,333910525.54,333910525.54,53293745.18704,100%
2022,US Atlantic Coast,North Atlantic,RHODE ISLAND,MENHADENS,617151,617151,243982.84,100%
2022,US Atlantic Coast,South Atlantic,NORTH CAROLINA,MENHADENS,539498.68,539498.68,166500.99,100%
2022,US Atlantic Coast,North Atlantic,MASSACHUSETTS,MENHADENS,10425267,10425267,4078897.04,100%
2022,US Atlantic Coast,North Atlantic,MAINE,MENHADENS,19335721.79,19335721.79,8371853.19,100%
2022,US Atlantic Coast,North Atlantic,MAINE,"MENHADEN, ATLANTIC",1012441.15,1012441.15,484212.35,100%
2022,US Atlantic Coast,North Atlantic,NEW HAMPSHIRE,MENHADENS,4986600,4986600,1996040,100%
2022,US Atlantic Coast,North Atlantic,CONNECTICUT,MENHADENS,299252,299252,67664.46,100%
2021,US Atlantic Coast,Mid-Atlantic,DELAWARE,MENHADENS,,,,0%
2021,US Atlantic Coast,North Atlantic,CONNECTICUT,MENHADENS,179176.5,179176.5,38553.335,100%
2021,US Atlantic Coast,Mid-Atlantic,DELAWARE,"MENHADEN, ATLANTIC",37081,37081,4019.62,100%
2021,US Atlantic Coast,North Atlantic,MASSACHUSETTS,MENHADENS,9916571.79,9916571.79,2485959.66,100%
2021,US Atlantic Coast,Mid-Atlantic,MARYLAND,MENHADENS,4020789,4020789,644002.88,100%
2021,US Atlantic Coast,South Atlantic,NORTH CAROLINA,MENHADENS,430623.16,430623.16,116006.93,100%
2021,US Atlantic Coast,Mid-Atlantic,NEW JERSEY,MENHADENS,80406179.71,80406179.71,16608061.5377,100%
2021,US Atlantic Coast,North Atlantic,NEW HAMPSHIRE,MENHADENS,4807900,4807900,1697400,100%
2021,US Atlantic Coast,Mid-Atlantic,NEW YORK,MENHADENS,3420786.09,3420786.09,568453.36,100%
2021,US Atlantic Coast,North Atlantic,RHODE ISLAND,MENHADENS,3575154.3,3575154.3,536806.064,100%
2021,US Atlantic Coast,Mid-Atlantic,VIRGINIA,MENHADENS,326817256.35,326817256.35,48947773.0061,100%
2021,US Atlantic Coast,North Atlantic,MAINE,MENHADENS,36890618.62,36890618.62,57086488.59,100%
2020,US Atlantic Coast,Mid-Atlantic,DELAWARE,MENHADENS,,,,0%
2020,US Atlantic Coast,North Atlantic,NEW HAMPSHIRE,MENHADENS,,,,0%
2020,US Atlantic Coast,South Atlantic,NORTH CAROLINA,MENHADENS,599742.14,599742.14,123442.55,100%
2020,US Atlantic Coast,North Atlantic,MAINE,MENHADENS,10896428.53,10896428.53,2782747.9,100%
2020,US Atlantic Coast,North Atlantic,RHODE ISLAND,MENHADENS,198487,198487,30896.1,100%
2020,US Atlantic Coast,Mid-Atlantic,DELAWARE,"MENHADEN, ATLANTIC",161125,161125,15984.95,100%
2020,US Atlantic Coast,Mid-Atlantic,MARYLAND,MENHADENS,3492261,3492261,966247.14,100%
2020,US Atlantic Coast,Mid-Atlantic,NEW JERSEY,MENHADENS,90583260.31,90583260.31,19368416.145,100%
2020,US Atlantic Coast,Mid-Atlantic,NEW YORK,MENHADENS,4408349.46,4408349.46,767330.49,100%
2020,US Atlantic Coast,Mid-Atlantic,VIRGINIA,MENHADENS,307526086.28,307526086.28,64235598.5245,100%
2020,US Atlantic Coast,North Atlantic,CONNECTICUT,MENHADENS,217109.5,217109.5,48768.585,100%
2020,US Atlantic Coast,North Atlantic,MASSACHUSETTS,MENHADENS,8821142,8821142,2628543.17,100%
2019,US Atlantic Coast,Mid-Atlantic,DELAWARE,MENHADENS,,,,0%
2019,US Atlantic Coast,North Atlantic,NEW HAMPSHIRE,MENHADENS,4540800,4540800,791716,100%
2019,US Atlantic Coast,North Atlantic,RHODE ISLAND,MENHADENS,66669,66669,16162.88,100%
2019,US Atlantic Coast,South Atlantic,NORTH CAROLINA,MENHADENS,551849.47,551849.47,138037.38,100%
2019,US Atlantic Coast,Mid-Atlantic,DELAWARE,"MENHADEN, ATLANTIC",78331,78331,8369.3,100%
2019,US Atlantic Coast,North Atlantic,MAINE,MENHADENS,8975045,8975045,2475485.2,100%
2019,US Atlantic Coast,Mid-Atlantic,NEW JERSEY,MENHADENS,77981507.87,77981507.87,13716196.0122,100%
2019,US Atlantic Coast,Mid-Atlantic,NEW YORK,MENHADENS,974552.5,974552.5,175871.93,100%
2019,US Atlantic Coast,Mid-Atlantic,VIRGINIA,MENHADENS,366855996.97,366855996.97,29693249.3,100%
2019,US Atlantic Coast,North Atlantic,CONNECTICUT,MENHADENS,133202,133202,26684.87,100%
2019,US Atlantic Coast,North Atlantic,MASSACHUSETTS,MENHADENS,6964323,6964323,1314355.28,100%
2019,US Atlantic Coast,Mid-Atlantic,MARYLAND,MENHADENS,4309024.5,4309024.5,648772.15,100%
2018,US Atlantic Coast,North Atlantic,NEW HAMPSHIRE,MENHADENS,,,,0%
2018,US Atlantic Coast,Mid-Atlantic,DELAWARE,MENHADENS,,,,0%
2018,US Atlantic Coast,North Atlantic,MASSACHUSETTS,MENHADENS,5679208.7,5679208.7,871617.0396,100%
2018,US Atlantic Coast,South Atlantic,NORTH CAROLINA,MENHADENS,713978.14,713978.14,175007.28,100%
2018,US Atlantic Coast,North Atlantic,MAINE,MENHADENS,5720620,5720620,1440624.22,100%
2018,US Atlantic Coast,Mid-Atlantic,NEW JERSEY,MENHADENS,84791590.1,84791590.1,12913185.4773,100%
2018,US Atlantic Coast,North Atlantic,RHODE ISLAND,MENHADENS,731717,731717,58921.17,100%
2018,US Atlantic Coast,Mid-Atlantic,VIRGINIA,MENHADENS,355087757.41,355087757.41,31593792.97,100%
2018,US Atlantic Coast,North Atlantic,CONNECTICUT,MENHADENS,849690,849690,70132.86,100%
2018,US Atlantic Coast,Mid-Atlantic,MARYLAND,MENHADENS,4388403,4388403,732878.06,100%
2018,US Atlantic Coast,Mid-Atlantic,DELAWARE,"MENHADEN, ATLANTIC",163158,163158,17082.18,100%
2018,US Atlantic Coast,Mid-Atlantic,NEW YORK,MENHADENS,472087.04,472087.04,98474.36,100%
2017,US Atlantic Coast,Mid-Atlantic,DELAWARE,MENHADENS,,,,0%
2017,US Atlantic Coast,North Atlantic,NEW HAMPSHIRE,MENHADENS,,,,0%
2017,US Atlantic Coast,Mid-Atlantic,VIRGINIA,MENHADENS,321816643.42,321816643.42,25895343.74,100%
2017,US Atlantic Coast,South Atlantic,NORTH CAROLINA,MENHADENS,752799.23,752799.23,160180.96,100%
2017,US Atlantic Coast,Mid-Atlantic,DELAWARE,"MENHADEN, ATLANTIC",84799,84799,8937.66,100%
2017,US Atlantic Coast,North Atlantic,RHODE ISLAND,MENHADENS,1752756,1752756,136892.64,100%
2017,US Atlantic Coast,North Atlantic,CONNECTICUT,MENHADENS,203138,203138,35387.19,100%
2017,US Atlantic Coast,Mid-Atlantic,NEW JERSEY,MENHADENS,98654475.1,98654475.1,16650639.7655,100%
2017,US Atlantic Coast,North Atlantic,MASSACHUSETTS,MENHADENS,3696973.77,3696973.77,637244.27,100%
2017,US Atlantic Coast,North Atlantic,MAINE,MENHADENS,2413434,2413434,681839.81,100%
2017,US Atlantic Coast,Mid-Atlantic,NEW YORK,MENHADENS,1634042.07,1634042.07,232278.451,100%
2017,US Atlantic Coast,Mid-Atlantic,MARYLAND,MENHADENS,3568447,3568447,648194.7,100%
2016,US Atlantic Coast,Mid-Atlantic,NEW JERSEY,MENHADENS,52816776.11,52816776.11,8607178.3798,100%
2016,US Atlantic Coast,Mid-Atlantic,NEW YORK,MENHADENS,1637912.63,1637912.63,194075.1725,100%
2016,US Atlantic Coast,North Atlantic,RHODE ISLAND,MENHADENS,317328,317328,34832.35,100%
2016,US Atlantic Coast,South Atlantic,NORTH CAROLINA,MENHADENS,398043.7,398043.7,76862.72,100%
2016,US Atlantic Coast,North Atlantic,MAINE,MENHADENS,4372166,4372166,1230782.8,100%
2016,US Atlantic Coast,North Atlantic,CONNECTICUT,MENHADENS,66992.2,66992.2,11596.286,100%
2016,US Atlantic Coast,Mid-Atlantic,DELAWARE,"MENHADEN, ATLANTIC",75238,75238,7843.12,100%
2016,US Atlantic Coast,North Atlantic,MASSACHUSETTS,MENHADENS,3063055.04,3063055.04,374366.7745,100%
2016,US Atlantic Coast,Mid-Atlantic,MARYLAND,MENHADENS,6473115,6473115,1035094.33,100%
2016,US Atlantic Coast,Mid-Atlantic,VIRGINIA,MENHADENS,323119953.65,323119953.65,25855812.99,100%
2015,US Atlantic Coast,Mid-Atlantic,NEW YORK,MENHADENS,1407002,1407002,194827.6,100%
2015,US Atlantic Coast,Mid-Atlantic,NEW YORK,"MENHADEN, ATLANTIC",7438,7438,2495.36,100%
2015,US Atlantic Coast,Mid-Atlantic,VIRGINIA,MENHADENS,352854847.92,352854847.92,28201991.61,100%
2015,US Atlantic Coast,North Atlantic,CONNECTICUT,MENHADENS,81387,81387,13828.26,100%
2015,US Atlantic Coast,Mid-Atlantic,NEW JERSEY,MENHADENS,72106978.75,72106978.75,10687187.745,100%
2015,US Atlantic Coast,South Atlantic,NORTH CAROLINA,MENHADENS,898321.5,898321.5,154384.95,100%
2015,US Atlantic Coast,North Atlantic,RHODE ISLAND,MENHADENS,2060381,2060381,183467.25,100%
2015,US Atlantic Coast,Mid-Atlantic,DELAWARE,"MENHADEN, ATLANTIC",150542,150542,16087.45,100%
2015,US Atlantic Coast,Mid-Atlantic,MARYLAND,MENHADENS,8785713,8785713,1222197.33,100%
2015,US Atlantic Coast,North Atlantic,MASSACHUSETTS,MENHADENS,2928427.07,2928427.07,233727.53,100%
2014,US Atlantic Coast,Mid-Atlantic,DELAWARE,MENHADENS,,,,0%
2014,US Atlantic Coast,Mid-Atlantic,NEW JERSEY,MENHADENS,43881091.2,43881091.2,5774333.8,100%
2014,US Atlantic Coast,Mid-Atlantic,NEW YORK,MENHADENS,768537.5,768537.5,113033.36,100%
2014,US Atlantic Coast,Mid-Atlantic,NEW YORK,"MENHADEN, ATLANTIC",6245,6245,2227.15,100%
2014,US Atlantic Coast,Mid-Atlantic,VIRGINIA,MENHADENS,326817180.67,326817180.67,26045630.07,100%
2014,US Atlantic Coast,Mid-Atlantic,MARYLAND,MENHADENS,8353684.17,8353684.17,1379391.67,100%
2014,US Atlantic Coast,North Atlantic,MASSACHUSETTS,MENHADENS,2218570.46,2218570.46,166035.86,100%
2014,US Atlantic Coast,South Atlantic,NORTH CAROLINA,MENHADENS,917904.97,917904.97,148678.21,100%
2014,US Atlantic Coast,North Atlantic,RHODE ISLAND,MENHADENS,500903.2,500903.2,62766.72,100%
2014,US Atlantic Coast,Mid-Atlantic,DELAWARE,"MENHADEN, ATLANTIC",161524,161524,16444.87,100%
2014,US Atlantic Coast,North Atlantic,CONNECTICUT,MENHADENS,36552,36552,6337.4,100%
2013,US Atlantic Coast,Mid-Atlantic,DELAWARE,MENHADENS,,,,0%
2013,US Atlantic Coast,Mid-Atlantic,VIRGINIA,MENHADENS,317949683.66,317949683.66,25343247.39,100%
2013,US Atlantic Coast,North Atlantic,CONNECTICUT,MENHADENS,6703,6703,3933.5,100%
2013,US Atlantic Coast,North Atlantic,MASSACHUSETTS,MENHADENS,2301539.12,2301539.12,177968.15,100%
2013,US Atlantic Coast,South Atlantic,NORTH CAROLINA,MENHADENS,454206.17,454206.17,74991.25,100%
2013,US Atlantic Coast,Mid-Atlantic,NEW YORK,"MENHADEN, ATLANTIC",8167,8167,3815.93,100%
2013,US Atlantic Coast,Mid-Atlantic,DELAWARE,"MENHADEN, ATLANTIC",125909,125909,12341.49,100%
2013,US Atlantic Coast,Mid-Atlantic,MARYLAND,MENHADENS,7682317,7682317,903448.7,100%
2013,US Atlantic Coast,Mid-Atlantic,NEW JERSEY,"MENHADEN, ATLANTIC",39819341.89,39819341.89,7442434.93,100%
2013,US Atlantic Coast,Mid-Atlantic,NEW YORK,MENHADENS,1141133,1141133,117228,100%
2013,US Atlantic Coast,North Atlantic,RHODE ISLAND,MENHADENS,99821.2,99821.2,17732.42,100%
2012,US Atlantic Coast,Mid-Atlantic,DELAWARE,MENHADENS,,,,0%
2012,US Atlantic Coast,North Atlantic,MAINE,"MENHADEN, ATLANTIC",,,,0%
2012,US Atlantic Coast,North Atlantic,NEW HAMPSHIRE,"MENHADEN, ATLANTIC",,,,0%
2012,US Atlantic Coast,Mid-Atlantic,NEW JERSEY,"MENHADEN, ATLANTIC",85457890,85457890,7226118.48,100%
2012,US Atlantic Coast,North Atlantic,RHODE ISLAND,MENHADENS,106605.6,106605.6,18300.14,100%
2012,US Atlantic Coast,Mid-Atlantic,NEW YORK,MENHADENS,218695,218695,22650.72,100%
2012,US Atlantic Coast,Mid-Atlantic,MARYLAND,MENHADENS,16371030,16371030,1667546.66,100%
2012,US Atlantic Coast,Mid-Atlantic,VIRGINIA,MENHADENS,390317699.27,390317699.27,31106848.27,100%
2012,US Atlantic Coast,North Atlantic,CONNECTICUT,MENHADENS,37454,37454,9513.32,100%
2012,US Atlantic Coast,South Atlantic,NORTH CAROLINA,MENHADENS,538791.72,538791.72,82362.6,100%
2012,US Atlantic Coast,Mid-Atlantic,DELAWARE,"MENHADEN, ATLANTIC",140375,140375,14300.19,100%
2012,US Atlantic Coast,North Atlantic,MASSACHUSETTS,MENHADENS,1629203.68,1629203.68,189484.69,100%
2012,US Atlantic Coast,Mid-Atlantic,NEW YORK,"MENHADEN, ATLANTIC",13978.2,13978.2,4077.5,100%
2011,US Atlantic Coast,Mid-Atlantic,DELAWARE,MENHADENS,,,,0%
2011,US Atlantic Coast,North Atlantic,MAINE,MENHADENS,,,,0%
2011,US Atlantic Coast,South Atlantic,NORTH CAROLINA,MENHADENS,3530003.06,3530003.06,328745.86,100%
2011,US Atlantic Coast,Mid-Atlantic,MARYLAND,MENHADENS,7981572.5,7981572.5,681904.81,100%
2011,US Atlantic Coast,Mid-Atlantic,NEW JERSEY,"MENHADEN, ATLANTIC",74324485,74324485,5945958.8,100%
2011,US Atlantic Coast,Mid-Atlantic,DELAWARE,"MENHADEN, ATLANTIC",64566,64566,5245.01,100%
2011,US Atlantic Coast,Mid-Atlantic,NEW YORK,MENHADENS,201405,201405,32962.02,100%
2011,US Atlantic Coast,Mid-Atlantic,NEW YORK,"MENHADEN, ATLANTIC",111933.86,111933.86,10851.61,100%
2011,US Atlantic Coast,Mid-Atlantic,VIRGINIA,MENHADENS,414158627.24,414158627.24,32995187.68,100%
2011,US Atlantic Coast,North Atlantic,CONNECTICUT,MENHADENS,26929,26929,7304.76,100%
2011,US Atlantic Coast,North Atlantic,MASSACHUSETTS,MENHADENS,86640.74,86640.74,87976.54,100%
2011,US Atlantic Coast,North Atlantic,RHODE ISLAND,MENHADENS,83899,83899,14214.18,100%
2010,US Atlantic Coast,Mid-Atlantic,DELAWARE,MENHADENS,,,,0%
2010,US Atlantic Coast,North Atlantic,MAINE,MENHADENS,,,,0%
2010,US Atlantic Coast,North Atlantic,CONNECTICUT,MENHADENS,42489,42489,9317.86,100%
2010,US Atlantic Coast,North Atlantic,MASSACHUSETTS,MENHADENS,4948436.53,4948436.53,602219.29,100%
2010,US Atlantic Coast,North Atlantic,NEW HAMPSHIRE,"MENHADEN, ATLANTIC",390,390,300.9,100%
2010,US Atlantic Coast,North Atlantic,RHODE ISLAND,MENHADENS,78149,78149,18356.84,100%
2010,US Atlantic Coast,Mid-Atlantic,VIRGINIA,MENHADENS,433240774.37,433240774.37,34476160.02,100%
2010,US Atlantic Coast,Mid-Atlantic,DELAWARE,"MENHADEN, ATLANTIC",51933,51933,4757.9,100%
2010,US Atlantic Coast,Mid-Atlantic,MARYLAND,MENHADENS,15461409.5,15461409.5,728568.7,100%
2010,US Atlantic Coast,Mid-Atlantic,NEW JERSEY,"MENHADEN, ATLANTIC",50497252.75,50497252.75,5049725.275,100%
2010,US Atlantic Coast,Mid-Atlantic,NEW YORK,MENHADENS,318266,318266,57840.53,100%
2010,US Atlantic Coast,Mid-Atlantic,NEW YORK,"MENHADEN, ATLANTIC",171768.8,171768.8,27667,100%
2010,US Atlantic Coast,South Atlantic,NORTH CAROLINA,MENHADENS,1299149.89,1299149.89,105479.37,100%
2009,US Atlantic Coast,Mid-Atlantic,DELAWARE,MENHADENS,,,,0%
2009,US Atlantic Coast,Mid-Atlantic,VIRGINIA,MENHADENS,351391882.87,351391882.87,23578065.61,100%
2009,US Atlantic Coast,North Atlantic,CONNECTICUT,MENHADENS,170907,170907,26883.7,100%
2009,US Atlantic Coast,North Atlantic,MASSACHUSETTS,MENHADENS,6695387.74,6695387.74,751493.89,100%
2009,US Atlantic Coast,Mid-Atlantic,MARYLAND,MENHADENS,9550315.5,9550315.5,895601.17,100%
2009,US Atlantic Coast,Mid-Atlantic,DELAWARE,"MENHADEN, ATLANTIC",69476,69476,5592.1,100%
2009,US Atlantic Coast,South Atlantic,NORTH CAROLINA,MENHADENS,2124733.59,2124733.59,233803.52,100%
2009,US Atlantic Coast,Mid-Atlantic,NEW YORK,MENHADENS,102730,102730,21335.02,100%
2009,US Atlantic Coast,Mid-Atlantic,NEW YORK,"MENHADEN, ATLANTIC",219145.6,219145.6,27487.2,100%
2009,US Atlantic Coast,North Atlantic,MAINE,MENHADENS,166942,166942,21482.26,100%
2009,US Atlantic Coast,North Atlantic,NEW HAMPSHIRE,"MENHADEN, ATLANTIC",32.5,32.5,10.2,100%
2009,US Atlantic Coast,North Atlantic,RHODE ISLAND,MENHADENS,107548.2,107548.2,19663.922,100%
2009,US Atlantic Coast,Mid-Atlantic,NEW JERSEY,"MENHADEN, ATLANTIC",34266347,34266347,4064585.39,100%
2008,US Atlantic Coast,Mid-Atlantic,DELAWARE,MENHADENS,,,,0%
2008,US Atlantic Coast,North Atlantic,MAINE,"MENHADEN, ATLANTIC",,,,0%
2008,US Atlantic Coast,North Atlantic,CONNECTICUT,MENHADENS,104881,104881,10488.1,100%
2008,US Atlantic Coast,South Atlantic,NORTH CAROLINA,MENHADENS,645230.62,645230.62,67718.25,100%
2008,US Atlantic Coast,Mid-Atlantic,DELAWARE,"MENHADEN, ATLANTIC",72970,72970,6068.18,100%
2008,US Atlantic Coast,Mid-Atlantic,MARYLAND,MENHADENS,9654813,9654813,920300.94,100%
2008,US Atlantic Coast,Mid-Atlantic,VIRGINIA,MENHADENS,353895252.42,353895252.42,21270641.81,100%
2008,US Atlantic Coast,Mid-Atlantic,NEW JERSEY,MENHADENS,33838941,33838941,2236566.4,100%
2008,US Atlantic Coast,North Atlantic,MAINE,MENHADENS,4200465,4200465,428697.55,100%
2008,US Atlantic Coast,North Atlantic,NEW HAMPSHIRE,"MENHADEN, ATLANTIC",408,408,150.72,100%
2008,US Atlantic Coast,Mid-Atlantic,NEW YORK,MENHADENS,103373,103373,24427.6,100%
2008,US Atlantic Coast,Mid-Atlantic,NEW YORK,"MENHADEN, ATLANTIC",11399.8,11399.8,3460.05,100%
2008,US Atlantic Coast,North Atlantic,RHODE ISLAND,MENHADENS,269288.4,269288.4,44115.79,100%
2008,US Atlantic Coast,North Atlantic,MASSACHUSETTS,MENHADENS,14097713.2,14097713.2,1569866.04,100%
2007,US Atlantic Coast,Mid-Atlantic,DELAWARE,MENHADENS,,,,0%
2007,US Atlantic Coast,North Atlantic,MAINE,MENHADENS,,,,0%
2007,US Atlantic Coast,Mid-Atlantic,NEW JERSEY,MENHADENS,37634929,37634929,3193720.62,100%
2007,US Atlantic Coast,North Atlantic,NEW HAMPSHIRE,"MENHADEN, ATLANTIC",484,484,285.14,100%
2007,US Atlantic Coast,Mid-Atlantic,NEW YORK,MENHADENS,129155,129155,18603.4,100%
2007,US Atlantic Coast,Mid-Atlantic,NEW YORK,"MENHADEN, ATLANTIC",8124.14,8124.14,3621.84,100%
2007,US Atlantic Coast,North Atlantic,RHODE ISLAND,MENHADENS,8948,8948,1194.5,100%
2007,US Atlantic Coast,South Atlantic,NORTH CAROLINA,MENHADENS,1134208.25,1134208.25,140994.56,100%
2007,US Atlantic Coast,Mid-Atlantic,VIRGINIA,MENHADENS,420481003.19,420481003.19,25316714.39,100%
2007,US Atlantic Coast,North Atlantic,CONNECTICUT,MENHADENS,90254,90254,9029,100%
2007,US Atlantic Coast,Mid-Atlantic,DELAWARE,"MENHADEN, ATLANTIC",81850,81850,6283.34,100%
2007,US Atlantic Coast,North Atlantic,MASSACHUSETTS,MENHADENS,5513812.5,5513812.5,522847.19,100%
2007,US Atlantic Coast,Mid-Atlantic,MARYLAND,MENHADENS,13740758,13740758,1377744.02,100%
2006,US Atlantic Coast,North Atlantic,RHODE ISLAND,MENHADENS,82424,82424,4609,100%
2006,US Atlantic Coast,Mid-Atlantic,NEW JERSEY,MENHADENS,24769744.08,24769744.08,2160585.9,100%
2006,US Atlantic Coast,Mid-Atlantic,NEW YORK,MENHADENS,334786,334786,35309,100%
2006,US Atlantic Coast,Mid-Atlantic,VIRGINIA,MENHADENS,370989267,370989267,22309634.6,100%
2006,US Atlantic Coast,Mid-Atlantic,DELAWARE,MENHADENS,,,,0%
2006,US Atlantic Coast,North Atlantic,CONNECTICUT,MENHADENS,866235,866235,69303,100%
2006,US Atlantic Coast,North Atlantic,MASSACHUSETTS,MENHADENS,2504211,2504211,232507,100%
2006,US Atlantic Coast,South Atlantic,NORTH CAROLINA,MENHADENS,962650.64,962650.64,147310.16,100%
2006,US Atlantic Coast,Mid-Atlantic,MARYLAND,MENHADENS,5263499,5263499,658351.06,100%
2005,US Atlantic Coast,North Atlantic,RHODE ISLAND,MENHADENS,14471,14471,3429,100%
2005,US Atlantic Coast,Mid-Atlantic,NEW JERSEY,MENHADENS,24092525,24092525,9423313.19,100%
2005,US Atlantic Coast,Mid-Atlantic,NEW YORK,MENHADENS,74205,74205,9664,100%
2005,US Atlantic Coast,Mid-Atlantic,MARYLAND,MENHADENS,15805899,15805899,1902174,100%
2005,US Atlantic Coast,South Atlantic,NORTH CAROLINA,MENHADENS,13387422.88,13387422.88,1223118.11,100%
2005,US Atlantic Coast,Mid-Atlantic,DELAWARE,MENHADENS,,,,0%
2005,US Atlantic Coast,North Atlantic,CONNECTICUT,MENHADENS,30636,30636,3068,100%
2005,US Atlantic Coast,North Atlantic,MASSACHUSETTS,MENHADENS,,,,0%
2005,US Atlantic Coast,Mid-Atlantic,VIRGINIA,MENHADENS,372577775,372577775,25443147,100%
2004,US Atlantic Coast,Mid-Atlantic,NEW YORK,MENHADENS,,,,0%
2004,US Atlantic Coast,North Atlantic,CONNECTICUT,MENHADENS,33210,33210,3327,100%
2004,US Atlantic Coast,Mid-Atlantic,VIRGINIA,MENHADENS,399797922,399797922,24418821.12,100%
2004,US Atlantic Coast,North Atlantic,RHODE ISLAND,MENHADENS,39232,39232,4306,100%
2004,US Atlantic Coast,North Atlantic,NEW HAMPSHIRE,MENHADENS,140,140,17,100%
2004,US Atlantic Coast,Mid-Atlantic,NEW JERSEY,MENHADENS,18023688,18023688,1186929,100%
2004,US Atlantic Coast,Mid-Atlantic,MARYLAND,MENHADENS,3336180,3336180,380937.24,100%
2004,US Atlantic Coast,Mid-Atlantic,DELAWARE,MENHADENS,75635,75635,6480.36,100%
2004,US Atlantic Coast,South Atlantic,NORTH CAROLINA,MENHADENS,50577982.58,50577982.58,4535508.35,100%
2003,US Atlantic Coast,Mid-Atlantic,VIRGINIA,MENHADENS,373867599,373867599,22566984,100%
2003,US Atlantic Coast,Mid-Atlantic,NEW YORK,MENHADENS,148575,148575,21129,100%
2003,US Atlantic Coast,Mid-Atlantic,DELAWARE,MENHADENS,,,,0%
2003,US Atlantic Coast,North Atlantic,CONNECTICUT,MENHADENS,46515,46515,4655,100%
2003,US Atlantic Coast,North Atlantic,RHODE ISLAND,MENHADENS,420062,420062,54607,100%
2003,US Atlantic Coast,Mid-Atlantic,NEW JERSEY,MENHADENS,20450091,20450091,2139746.33,100%
2003,US Atlantic Coast,Mid-Atlantic,MARYLAND,MENHADENS,4231660,4231660,390055.15,100%
2003,US Atlantic Coast,South Atlantic,NORTH CAROLINA,MENHADENS,48936502.17,48936502.17,3936206.37,100%
2002,US Atlantic Coast,North Atlantic,CONNECTICUT,MENHADENS,1138788,1138788,291534,100%
2002,US Atlantic Coast,Mid-Atlantic,VIRGINIA,MENHADENS,,,,0%
2002,US Atlantic Coast,Mid-Atlantic,DELAWARE,MENHADENS,,,,0%
2002,US Atlantic Coast,North Atlantic,RHODE ISLAND,MENHADENS,,,,0%
2002,US Atlantic Coast,Mid-Atlantic,MARYLAND,MENHADENS,4850391,4850391,451707.96,100%
2002,US Atlantic Coast,Mid-Atlantic,NEW JERSEY,MENHADENS,24725015,24725015,1606481.36,100%
2002,US Atlantic Coast,Mid-Atlantic,NEW YORK,MENHADENS,6480,6480,1065,100%
2002,US Atlantic Coast,South Atlantic,NORTH CAROLINA,MENHADENS,69190595.51,69190595.51,5050119.82,100%
2001,US Atlantic Coast,Mid-Atlantic,DELAWARE,MENHADENS,,,,0%
2001,US Atlantic Coast,Mid-Atlantic,NEW YORK,MENHADENS,296116,296116,30523,100%
2001,US Atlantic Coast,South Atlantic,NORTH CAROLINA,MENHADENS,56012396.01,56012396.01,4543674.47,100%
2001,US Atlantic Coast,Mid-Atlantic,VIRGINIA,MENHADENS,487143843,487143843,42570757.8,100%
2001,US Atlantic Coast,Mid-Atlantic,NEW JERSEY,MENHADENS,26375573,26375573,2205139.52,100%
2001,US Atlantic Coast,North Atlantic,CONNECTICUT,MENHADENS,38865,38865,9722,100%
2001,US Atlantic Coast,Mid-Atlantic,MARYLAND,MENHADENS,,,,0%
2001,US Atlantic Coast,North Atlantic,RHODE ISLAND,MENHADENS,,,,0%
2000,US Atlantic Coast,Mid-Atlantic,VIRGINIA,MENHADENS,,,,0%
2000,US Atlantic Coast,Mid-Atlantic,MARYLAND,MENHADENS,4870835,4870835,563778.5,100%
2000,US Atlantic Coast,Mid-Atlantic,DELAWARE,MENHADENS,,,,0%
2000,US Atlantic Coast,Mid-Atlantic,NEW JERSEY,MENHADENS,31266780,31266780,2218638.6,100%
2000,US Atlantic Coast,North Atlantic,RHODE ISLAND,MENHADENS,320000,320000,19200,100%
2000,US Atlantic Coast,North Atlantic,CONNECTICUT,MENHADENS,14423,14423,1444,100%
2000,US Atlantic Coast,Mid-Atlantic,NEW YORK,MENHADENS,282920,282920,70202,100%
2000,US Atlantic Coast,South Atlantic,NORTH CAROLINA,MENHADENS,56280111.91,56280111.91,3491705.69,100%
1999,US Atlantic Coast,Mid-Atlantic,VIRGINIA,MENHADENS,,,,0%
1999,US Atlantic Coast,South Atlantic,NORTH CAROLINA,MENHADENS,42799080.34,42799080.34,2673922.62,100%
1999,US Atlantic Coast,North Atlantic,MASSACHUSETTS,MENHADENS,904200,904200,36168,100%
1999,US Atlantic Coast,North Atlantic,RHODE ISLAND,MENHADENS,,,,0%
1999,US Atlantic Coast,Mid-Atlantic,MARYLAND,MENHADENS,5721212,5721212,463483,100%
1999,US Atlantic Coast,Mid-Atlantic,NEW JERSEY,MENHADENS,31036717,31036717,2429283,100%
1999,US Atlantic Coast,North Atlantic,CONNECTICUT,MENHADENS,30298,30298,4550,100%
1999,US Atlantic Coast,Mid-Atlantic,NEW YORK,MENHADENS,11511,11511,2917,100%
1999,US Atlantic Coast,Mid-Atlantic,DELAWARE,MENHADENS,78551,78551,7034,100%
1998,US Atlantic Coast,Mid-Atlantic,NEW JERSEY,MENHADENS,33287641,33287641,2980128,100%
1998,US Atlantic Coast,North Atlantic,NEW HAMPSHIRE,MENHADENS,9,9,5,100%
1998,US Atlantic Coast,Mid-Atlantic,MARYLAND,MENHADENS,4463884,4463884,426307,100%
1998,US Atlantic Coast,Mid-Atlantic,DELAWARE,MENHADENS,58048,58048,6155,100%
1998,US Atlantic Coast,North Atlantic,CONNECTICUT,MENHADENS,338817,338817,50829,100%
1998,US Atlantic Coast,Mid-Atlantic,VIRGINIA,MENHADENS,508727795,508727795,40744067,100%
1998,US Atlantic Coast,Mid-Atlantic,NEW YORK,MENHADENS,29334,29334,3453,100%
1998,US Atlantic Coast,South Atlantic,NORTH CAROLINA,MENHADENS,57976454.66,57976454.66,4122200.78,100%
1998,US Atlantic Coast,North Atlantic,RHODE ISLAND,MENHADENS,,,,0%
1997,US Atlantic Coast,Mid-Atlantic,MARYLAND,MENHADENS,,,,0%
1997,US Atlantic Coast,Mid-Atlantic,NEW YORK,MENHADENS,553953,553953,55604,100%
1997,US Atlantic Coast,Mid-Atlantic,NEW JERSEY,MENHADENS,38118579,38118579,2990322,100%
1997,US Atlantic Coast,Mid-Atlantic,DELAWARE,MENHADENS,55733,55733,6242,100%
1997,US Atlantic Coast,Mid-Atlantic,VIRGINIA,MENHADENS,497160943,497160943,30035360,100%
1997,US Atlantic Coast,North Atlantic,RHODE ISLAND,MENHADENS,,,,0%
1997,US Atlantic Coast,North Atlantic,CONNECTICUT,MENHADENS,72329,72329,10865,100%
1997,US Atlantic Coast,South Atlantic,NORTH CAROLINA,MENHADENS,97727056.87,97727056.87,8795429.08,100%
1996,US Atlantic Coast,South Atlantic,NORTH CAROLINA,MENHADENS,53850943.01,53850943.01,4886681.12,100%
1996,US Atlantic Coast,Mid-Atlantic,NEW YORK,MENHADENS,11135,11135,1215,100%
1996,US Atlantic Coast,Mid-Atlantic,DELAWARE,MENHADENS,100823,100823,10098,100%
1996,US Atlantic Coast,Mid-Atlantic,NEW JERSEY,MENHADENS,35516726,35516726,2288850,100%
1996,US Atlantic Coast,Mid-Atlantic,VIRGINIA,MENHADENS,,,,0%
1996,US Atlantic Coast,North Atlantic,MASSACHUSETTS,MENHADENS,,,,0%
1996,US Atlantic Coast,Mid-Atlantic,MARYLAND,MENHADENS,,,,0%
1996,US Atlantic Coast,North Atlantic,CONNECTICUT,MENHADENS,82851,82851,12437,100%
1996,US Atlantic Coast,North Atlantic,RHODE ISLAND,MENHADENS,,,,0%
1995,US Atlantic Coast,North Atlantic,CONNECTICUT,MENHADENS,255664,255664,30679,100%
1995,US Atlantic Coast,North Atlantic,MASSACHUSETTS,MENHADENS,,,,0%
1995,US Atlantic Coast,Mid-Atlantic,MARYLAND,MENHADENS,,,,0%
1995,US Atlantic Coast,Mid-Atlantic,NEW JERSEY,MENHADENS,36578407,36578407,1942323,100%
1995,US Atlantic Coast,South Atlantic,NORTH CAROLINA,MENHADENS,58374080.5,58374080.5,3560953.39,100%
1995,US Atlantic Coast,North Atlantic,RHODE ISLAND,MENHADENS,5873315,5873315,300487,100%
1995,US Atlantic Coast,Mid-Atlantic,NEW YORK,MENHADENS,1087978,1087978,152379,100%
1995,US Atlantic Coast,Mid-Atlantic,VIRGINIA,MENHADENS,704447463,704447463,42470929,100%
1995,US Atlantic Coast,Mid-Atlantic,DELAWARE,MENHADENS,101300,101300,10139,100%
1994,US Atlantic Coast,Mid-Atlantic,NEW JERSEY,MENHADENS,38329332,38329332,1997503,100%
1994,US Atlantic Coast,Mid-Atlantic,VIRGINIA,MENHADENS,513269659,513269659,31006486,100%
1994,US Atlantic Coast,North Atlantic,CONNECTICUT,MENHADENS,100000,100000,5000,100%
1994,US Atlantic Coast,Mid-Atlantic,NEW YORK,MENHADENS,,,,0%
1994,US Atlantic Coast,South Atlantic,NORTH CAROLINA,MENHADENS,73853901.37,73853901.37,3178605.13,100%
1994,US Atlantic Coast,Mid-Atlantic,DELAWARE,MENHADENS,78700,78700,7867,100%
1994,US Atlantic Coast,Mid-Atlantic,MARYLAND,MENHADENS,3512417,3512417,891430,100%
1994,US Atlantic Coast,North Atlantic,RHODE ISLAND,MENHADENS,45825,45825,6366,100%
1993,US Atlantic Coast,North Atlantic,MASSACHUSETTS,MENHADENS,1332000,1332000,53065,100%
1993,US Atlantic Coast,Mid-Atlantic,DELAWARE,MENHADENS,164100,164100,9850,100%
1993,US Atlantic Coast,North Atlantic,MAINE,MENHADENS,19520455,19520455,1338385,100%
1993,US Atlantic Coast,Mid-Atlantic,MARYLAND,MENHADENS,3085698,3085698,264071,100%
1993,US Atlantic Coast,North Atlantic,NEW HAMPSHIRE,MENHADENS,3710,3710,557,100%
1993,US Atlantic Coast,South Atlantic,NORTH CAROLINA,MENHADENS,64711384,64711384,1954299,100%
1993,US Atlantic Coast,Mid-Atlantic,NEW JERSEY,MENHADENS,28296741,28296741,1391108,100%
1993,US Atlantic Coast,Mid-Atlantic,NEW YORK,MENHADENS,1048993,1048993,119609,100%
1993,US Atlantic Coast,Mid-Atlantic,VIRGINIA,MENHADENS,639324195,639324195,38392282,100%
1993,US Atlantic Coast,North Atlantic,CONNECTICUT,MENHADENS,199591,199591,9980,100%
1993,US Atlantic Coast,North Atlantic,RHODE ISLAND,MENHADENS,6479380,6479380,328712,100%
1992,US Atlantic Coast,North Atlantic,MASSACHUSETTS,MENHADENS,6606593,6606593,263749,100%
1992,US Atlantic Coast,South Atlantic,NORTH CAROLINA,MENHADENS,57515712,57515712,1744030,100%
1992,US Atlantic Coast,North Atlantic,MAINE,MENHADENS,14857195,14857195,910046,100%
1992,US Atlantic Coast,North Atlantic,NEW HAMPSHIRE,MENHADENS,25920,25920,1495,100%
1992,US Atlantic Coast,North Atlantic,RHODE ISLAND,MENHADENS,2861434,2861434,117663,100%
1992,US Atlantic Coast,North Atlantic,CONNECTICUT,MENHADENS,91200,91200,4560,100%
1992,US Atlantic Coast,Mid-Atlantic,MARYLAND,MENHADENS,2295039,2295039,185838,100%
1992,US Atlantic Coast,Mid-Atlantic,NEW JERSEY,MENHADENS,27470906,27470906,1288804,100%
1992,US Atlantic Coast,Mid-Atlantic,NEW YORK,MENHADENS,1131701,1131701,126842,100%
1992,US Atlantic Coast,Mid-Atlantic,VIRGINIA,MENHADENS,574826830,574826830,28712218,100%
1992,US Atlantic Coast,Mid-Atlantic,DELAWARE,MENHADENS,105700,105700,5305,100%
1991,US Atlantic Coast,Mid-Atlantic,NEW YORK,MENHADENS,650150,650150,64805,100%
1991,US Atlantic Coast,Mid-Atlantic,VIRGINIA,MENHADENS,601187849,601187849,30032372,100%
1991,US Atlantic Coast,South Atlantic,NORTH CAROLINA,MENHADENS,110528754,110528754,3002829,100%
1991,US Atlantic Coast,Mid-Atlantic,DELAWARE,MENHADENS,280100,280100,14005,100%
1991,US Atlantic Coast,North Atlantic,CONNECTICUT,MENHADENS,96300,96300,4815,100%
1991,US Atlantic Coast,North Atlantic,RHODE ISLAND,MENHADENS,5186160,5186160,211012,100%
1991,US Atlantic Coast,North Atlantic,MASSACHUSETTS,MENHADENS,6326300,6326300,271055,100%
1991,US Atlantic Coast,Mid-Atlantic,NEW JERSEY,MENHADENS,16597402,16597402,754620,100%
1991,US Atlantic Coast,North Atlantic,MAINE,MENHADENS,16107463,16107463,1263781,100%
1991,US Atlantic Coast,North Atlantic,NEW HAMPSHIRE,MENHADENS,204000,204000,8160,100%
1991,US Atlantic Coast,Mid-Atlantic,MARYLAND,MENHADENS,3540179,3540179,547654,100%
1990,US Atlantic Coast,Mid-Atlantic,NEW JERSEY,MENHADENS,9041459,9041459,537697,100%
1990,US Atlantic Coast,Mid-Atlantic,NEW YORK,MENHADENS,649710,649710,68955,100%
1990,US Atlantic Coast,Mid-Atlantic,VIRGINIA,MENHADENS,704564911,704564911,35126005,100%
1990,US Atlantic Coast,North Atlantic,CONNECTICUT,MENHADENS,96706,96706,4837,100%
1990,US Atlantic Coast,North Atlantic,MASSACHUSETTS,MENHADENS,1361900,1361900,57086,100%
1990,US Atlantic Coast,Mid-Atlantic,MARYLAND,MENHADENS,2634223,2634223,204727,100%
1990,US Atlantic Coast,North Atlantic,MAINE,MENHADENS,5744597,5744597,484590,100%
1990,US Atlantic Coast,North Atlantic,NEW HAMPSHIRE,MENHADENS,264500,264500,5880,100%
1990,US Atlantic Coast,North Atlantic,RHODE ISLAND,MENHADENS,17102650,17102650,774253,100%
1990,US Atlantic Coast,Mid-Atlantic,DELAWARE,MENHADENS,140500,140500,8429,100%
1990,US Atlantic Coast,South Atlantic,NORTH CAROLINA,MENHADENS,72231989,72231989,1820654,100%
1989,US Atlantic Coast,South Atlantic,NORTH CAROLINA,MENHADENS,66756288,66756288,1808906,100%
1989,US Atlantic Coast,Mid-Atlantic,NEW YORK,MENHADENS,449100,449100,39478,100%
1989,US Atlantic Coast,Mid-Atlantic,VIRGINIA,MENHADENS,612162300,612162300,29101230,100%
1989,US Atlantic Coast,North Atlantic,MASSACHUSETTS,MENHADENS,1454400,1454400,70063,100%
1989,US Atlantic Coast,North Atlantic,RHODE ISLAND,MENHADENS,19033200,19033200,841127,100%
1989,US Atlantic Coast,Mid-Atlantic,NEW JERSEY,MENHADENS,2854500,2854500,208520,100%
1989,US Atlantic Coast,Mid-Atlantic,DELAWARE,MENHADENS,90500,90500,4455,100%
1989,US Atlantic Coast,North Atlantic,MAINE,MENHADENS,380600,380600,9231,100%
1989,US Atlantic Coast,North Atlantic,NEW HAMPSHIRE,MENHADENS,5200,5200,572,100%
1989,US Atlantic Coast,Mid-Atlantic,MARYLAND,MENHADENS,6166000,6166000,387437,100%
1989,US Atlantic Coast,North Atlantic,CONNECTICUT,MENHADENS,148500,148500,7420,100%
1988,US Atlantic Coast,North Atlantic,MAINE,MENHADENS,19687800,19687800,411669,100%
1988,US Atlantic Coast,Mid-Atlantic,DELAWARE,MENHADENS,127700,127700,8107,100%
1988,US Atlantic Coast,Mid-Atlantic,MARYLAND,MENHADENS,6430200,6430200,358839,100%
1988,US Atlantic Coast,North Atlantic,NEW HAMPSHIRE,MENHADENS,4556,4556,911,100%
1988,US Atlantic Coast,North Atlantic,RHODE ISLAND,MENHADENS,15603400,15603400,800071,100%
1988,US Atlantic Coast,North Atlantic,MASSACHUSETTS,MENHADENS,8043400,8043400,370469,100%
1988,US Atlantic Coast,Mid-Atlantic,NEW JERSEY,MENHADENS,1984200,1984200,150646,100%
1988,US Atlantic Coast,Mid-Atlantic,NEW YORK,MENHADENS,504100,504100,41558,100%
1988,US Atlantic Coast,Mid-Atlantic,VIRGINIA,MENHADENS,550556300,550556300,27591470,100%
1988,US Atlantic Coast,North Atlantic,CONNECTICUT,MENHADENS,192700,192700,21710,100%
1988,US Atlantic Coast,South Atlantic,NORTH CAROLINA,MENHADENS,73715713,73715713,2566832,100%
1987,US Atlantic Coast,Mid-Atlantic,DELAWARE,MENHADENS,22100,22100,1478,100%
1987,US Atlantic Coast,Mid-Atlantic,MARYLAND,MENHADENS,5793700,5793700,349763,100%
1987,US Atlantic Coast,Mid-Atlantic,NEW JERSEY,MENHADENS,2563300,2563300,190492,100%
1987,US Atlantic Coast,Mid-Atlantic,NEW YORK,MENHADENS,206795,206795,23918,100%
1987,US Atlantic Coast,Mid-Atlantic,VIRGINIA,MENHADENS,615523000,615523000,30732694,100%
1987,US Atlantic Coast,North Atlantic,CONNECTICUT,MENHADENS,94900,94900,4745,100%
1987,US Atlantic Coast,North Atlantic,MASSACHUSETTS,MENHADENS,1216200,1216200,36624,100%
1987,US Atlantic Coast,North Atlantic,MAINE,MENHADENS,18668600,18668600,347500,100%
1987,US Atlantic Coast,North Atlantic,RHODE ISLAND,MENHADENS,17109200,17109200,825390,100%
1987,US Atlantic Coast,South Atlantic,NORTH CAROLINA,MENHADENS,55498571,55498571,1624511,100%
1986,US Atlantic Coast,North Atlantic,MAINE,MENHADENS,22614600,22614600,380826,100%
1986,US Atlantic Coast,North Atlantic,RHODE ISLAND,MENHADENS,10389200,10389200,415528,100%
1986,US Atlantic Coast,Mid-Atlantic,DELAWARE,MENHADENS,20100,20100,1202,100%
1986,US Atlantic Coast,Mid-Atlantic,MARYLAND,MENHADENS,5449400,5449400,361787,100%
1986,US Atlantic Coast,South Atlantic,NORTH CAROLINA,MENHADENS,,,,0%
1986,US Atlantic Coast,Mid-Atlantic,NEW YORK,MENHADENS,399650,399650,45626,100%
1986,US Atlantic Coast,Mid-Atlantic,VIRGINIA,MENHADENS,445674400,445674400,22815277,100%
1986,US Atlantic Coast,North Atlantic,CONNECTICUT,MENHADENS,254400,254400,12720,100%
1986,US Atlantic Coast,North Atlantic,MASSACHUSETTS,MENHADENS,3420100,3420100,148479,100%
1986,US Atlantic Coast,Mid-Atlantic,NEW JERSEY,MENHADENS,2453600,2453600,180629,100%
1985,US Atlantic Coast,Mid-Atlantic,VIRGINIA,MENHADENS,639517500,639517500,29125145,100%
1985,US Atlantic Coast,Mid-Atlantic,DELAWARE,MENHADENS,176200,176200,14096,100%
1985,US Atlantic Coast,Mid-Atlantic,MARYLAND,MENHADENS,5371800,5371800,278082,100%
1985,US Atlantic Coast,Mid-Atlantic,NEW JERSEY,MENHADENS,2879800,2879800,177862,100%
1985,US Atlantic Coast,South Atlantic,NORTH CAROLINA,MENHADENS,,,,0%
1985,US Atlantic Coast,North Atlantic,CONNECTICUT,MENHADENS,234800,234800,11740,100%
1985,US Atlantic Coast,North Atlantic,MASSACHUSETTS,MENHADENS,3042600,3042600,150325,100%
1985,US Atlantic Coast,North Atlantic,MAINE,MENHADENS,33192800,33192800,677403,100%
1985,US Atlantic Coast,North Atlantic,RHODE ISLAND,MENHADENS,8388000,8388000,539868,100%
1985,US Atlantic Coast,Mid-Atlantic,NEW YORK,MENHADENS,901800,901800,99523,100%
1984,US Atlantic Coast,Mid-Atlantic,DELAWARE,MENHADENS,208000,208000,14560,100%
1984,US Atlantic Coast,Mid-Atlantic,MARYLAND,MENHADENS,5363800,5363800,269320,100%
1984,US Atlantic Coast,South Atlantic,NORTH CAROLINA,MENHADENS,157667480,157667480,4745831,100%
1984,US Atlantic Coast,Mid-Atlantic,NEW JERSEY,MENHADENS,2293000,2293000,155219,100%
1984,US Atlantic Coast,North Atlantic,RHODE ISLAND,MENHADENS,3970000,3970000,302759,100%
1984,US Atlantic Coast,Mid-Atlantic,VIRGINIA,MENHADENS,485834900,485834900,25320859,100%
1984,US Atlantic Coast,North Atlantic,CONNECTICUT,MENHADENS,186900,186900,9345,100%
1984,US Atlantic Coast,North Atlantic,MASSACHUSETTS,MENHADENS,59517900,59517900,1190868,100%
1984,US Atlantic Coast,North Atlantic,MAINE,MENHADENS,17806000,17806000,401679,100%
1984,US Atlantic Coast,Mid-Atlantic,NEW YORK,MENHADENS,692500,692500,69749,100%
1983,US Atlantic Coast,North Atlantic,CONNECTICUT,MENHADENS,129500,129500,6475,100%
1983,US Atlantic Coast,South Atlantic,NORTH CAROLINA,MENHADENS,177973440,177973440,6167878,100%
1983,US Atlantic Coast,North Atlantic,MASSACHUSETTS,MENHADENS,45924800,45924800,798343,100%
1983,US Atlantic Coast,Mid-Atlantic,DELAWARE,MENHADENS,41000,41000,2460,100%
1983,US Atlantic Coast,Mid-Atlantic,VIRGINIA,MENHADENS,644713200,644713200,28392913,100%
1983,US Atlantic Coast,Mid-Atlantic,MARYLAND,MENHADENS,6605800,6605800,259129,100%
1983,US Atlantic Coast,North Atlantic,RHODE ISLAND,MENHADENS,120800,120800,5624,100%
1983,US Atlantic Coast,Mid-Atlantic,NEW JERSEY,MENHADENS,1581600,1581600,100572,100%
1983,US Atlantic Coast,Mid-Atlantic,NEW YORK,MENHADENS,216300,216300,15694,100%
1983,US Atlantic Coast,North Atlantic,MAINE,MENHADENS,42448100,42448100,845981,100%
1982,US Atlantic Coast,Mid-Atlantic,VIRGINIA,MENHADENS,598631000,598631000,26724000,100%
1982,US Atlantic Coast,North Atlantic,CONNECTICUT,MENHADENS,171100,171100,8555,100%
1982,US Atlantic Coast,North Atlantic,MASSACHUSETTS,MENHADENS,23079600,23079600,504500,100%
1982,US Atlantic Coast,North Atlantic,MAINE,MENHADENS,47894600,47894600,968487,100%
1982,US Atlantic Coast,Mid-Atlantic,NEW YORK,MENHADENS,394300,394300,24462,100%
1982,US Atlantic Coast,Mid-Atlantic,DELAWARE,MENHADENS,58300,58300,4370,100%
1982,US Atlantic Coast,Mid-Atlantic,MARYLAND,MENHADENS,8946400,8946400,531886,100%
1982,US Atlantic Coast,South Atlantic,NORTH CAROLINA,MENHADENS,187015090,187015090,5773042,100%
1982,US Atlantic Coast,Mid-Atlantic,NEW JERSEY,MENHADENS,1637400,1637400,125075,100%
1982,US Atlantic Coast,North Atlantic,RHODE ISLAND,MENHADENS,7008000,7008000,109562,100%
1981,US Atlantic Coast,North Atlantic,MAINE,MENHADENS,12264100,12264100,292475,100%
1981,US Atlantic Coast,Mid-Atlantic,MARYLAND,MENHADENS,10701100,10701100,632017,100%
1981,US Atlantic Coast,North Atlantic,RHODE ISLAND,MENHADENS,23000,23000,356,100%
1981,US Atlantic Coast,South Atlantic,NORTH CAROLINA,MENHADENS,309414710,309414710,10038759,100%
1981,US Atlantic Coast,North Atlantic,MASSACHUSETTS,MENHADENS,35397300,35397300,808517,100%
1981,US Atlantic Coast,Mid-Atlantic,NEW YORK,MENHADENS,533200,533200,30103,100%
1981,US Atlantic Coast,Mid-Atlantic,VIRGINIA,MENHADENS,400708000,400708000,17152000,100%
1981,US Atlantic Coast,North Atlantic,CONNECTICUT,MENHADENS,151400,151400,9081,100%
1981,US Atlantic Coast,Mid-Atlantic,NEW JERSEY,MENHADENS,103280400,103280400,4057200,100%
1980,US Atlantic Coast,North Atlantic,RHODE ISLAND,MENHADENS,45800,45800,3206,100%
1980,US Atlantic Coast,South Atlantic,NORTH CAROLINA,MENHADENS,196920370,196920370,7139327,100%
1980,US Atlantic Coast,Mid-Atlantic,MARYLAND,MENHADENS,8716300,8716300,471715,100%
1980,US Atlantic Coast,Mid-Atlantic,NEW JERSEY,MENHADENS,120018000,120018000,5895000,100%
1980,US Atlantic Coast,North Atlantic,MAINE,MENHADENS,18805900,18805900,450475,100%
1980,US Atlantic Coast,North Atlantic,MASSACHUSETTS,MENHADENS,43351000,43351000,952888,100%
1980,US Atlantic Coast,Mid-Atlantic,NEW YORK,MENHADENS,881700,881700,47205,100%
1980,US Atlantic Coast,North Atlantic,CONNECTICUT,MENHADENS,99500,99500,4987,100%
1980,US Atlantic Coast,Mid-Atlantic,VIRGINIA,MENHADENS,537222100,537222100,26961126,100%
1979,US Atlantic Coast,Mid-Atlantic,DELAWARE,MENHADENS,47700,47700,2862,100%
1979,US Atlantic Coast,Mid-Atlantic,MARYLAND,MENHADENS,5608100,5608100,265556,100%
1979,US Atlantic Coast,Mid-Atlantic,NEW JERSEY,MENHADENS,103280500,103280500,3288883,100%
1979,US Atlantic Coast,Mid-Atlantic,NEW YORK,MENHADENS,712500,712500,38996,100%
1979,US Atlantic Coast,South Atlantic,NORTH CAROLINA,MENHADENS,254329990,254329990,8059572,100%
1979,US Atlantic Coast,North Atlantic,CONNECTICUT,MENHADENS,100200,100200,6996,100%
1979,US Atlantic Coast,North Atlantic,MASSACHUSETTS,MENHADENS,29040700,29040700,732091,100%
1979,US Atlantic Coast,North Atlantic,MAINE,MENHADENS,30005300,30005300,759979,100%
1979,US Atlantic Coast,North Atlantic,RHODE ISLAND,MENHADENS,7388600,7388600,152298,100%
1979,US Atlantic Coast,Mid-Atlantic,VIRGINIA,MENHADENS,455360000,455360000,22632765,100%
1978,US Atlantic Coast,North Atlantic,CONNECTICUT,MENHADENS,85100,85100,5021,100%
1978,US Atlantic Coast,North Atlantic,MASSACHUSETTS,MENHADENS,49046900,49046900,1165090,100%
1978,US Atlantic Coast,North Atlantic,MAINE,MENHADENS,6959900,6959900,173996,100%
1978,US Atlantic Coast,North Atlantic,RHODE ISLAND,MENHADENS,13181600,13181600,281075,100%
1978,US Atlantic Coast,Mid-Atlantic,VIRGINIA,MENHADENS,420813400,420813400,7608624,100%
1978,US Atlantic Coast,Mid-Atlantic,MARYLAND,MENHADENS,7115900,7115900,291665,100%
1978,US Atlantic Coast,Mid-Atlantic,NEW JERSEY,MENHADENS,82428200,82428200,2599317,100%
1978,US Atlantic Coast,Mid-Atlantic,NEW YORK,MENHADENS,239600,239600,12556,100%
1978,US Atlantic Coast,South Atlantic,NORTH CAROLINA,MENHADENS,192324170,192324170,7498037,100%
1978,US Atlantic Coast,Mid-Atlantic,DELAWARE,MENHADENS,29700,29700,1485,100%
1977,US Atlantic Coast,Mid-Atlantic,MARYLAND,MENHADENS,8381100,8381100,289816,100%
1977,US Atlantic Coast,Mid-Atlantic,NEW JERSEY,MENHADENS,97508900,97508900,3444730,100%
1977,US Atlantic Coast,Mid-Atlantic,NEW YORK,MENHADENS,851300,851300,42106,100%
1977,US Atlantic Coast,Mid-Atlantic,VIRGINIA,MENHADENS,501273600,501273600,19858697,100%
1977,US Atlantic Coast,South Atlantic,NORTH CAROLINA,MENHADENS,158119300,158119300,4369012,100%
1977,US Atlantic Coast,North Atlantic,MASSACHUSETTS,MENHADENS,17410200,17410200,400902,100%
1977,US Atlantic Coast,North Atlantic,MAINE,MENHADENS,3290000,3290000,71062,100%
1977,US Atlantic Coast,North Atlantic,RHODE ISLAND,MENHADENS,10070700,10070700,206623,100%
1977,US Atlantic Coast,Mid-Atlantic,DELAWARE,MENHADENS,24600,24600,984,100%
1977,US Atlantic Coast,North Atlantic,CONNECTICUT,MENHADENS,106600,106600,5330,100%
1976,US Atlantic Coast,Mid-Atlantic,NEW YORK,MENHADENS,1013500,1013500,43013,100%
1976,US Atlantic Coast,Mid-Atlantic,VIRGINIA,MENHADENS,440760700,440760700,12998775,100%
1976,US Atlantic Coast,North Atlantic,CONNECTICUT,MENHADENS,153200,153200,7655,100%
1976,US Atlantic Coast,North Atlantic,MASSACHUSETTS,MENHADENS,28594200,28594200,465070,100%
1976,US Atlantic Coast,Mid-Atlantic,NEW JERSEY,MENHADENS,150437500,150437500,4303232,100%
1976,US Atlantic Coast,North Atlantic,RHODE ISLAND,MENHADENS,12712900,12712900,194314,100%
1976,US Atlantic Coast,South Atlantic,NORTH CAROLINA,MENHADENS,134902400,134902400,4534354,100%
1976,US Atlantic Coast,Mid-Atlantic,DELAWARE,MENHADENS,35300,35300,1404,100%
1976,US Atlantic Coast,Mid-Atlantic,MARYLAND,MENHADENS,5379700,5379700,182326,100%
1976,US Atlantic Coast,North Atlantic,MAINE,MENHADENS,17552600,17552600,299775,100%
1975,US Atlantic Coast,North Atlantic,MASSACHUSETTS,MENHADENS,20815400,20815400,274599,100%
1975,US Atlantic Coast,North Atlantic,MAINE,MENHADENS,13958300,13958300,195416,100%
1975,US Atlantic Coast,North Atlantic,RHODE ISLAND,MENHADENS,15577600,15577600,194557,100%
1975,US Atlantic Coast,South Atlantic,NORTH CAROLINA,MENHADENS,153805200,153805200,3258977,100%
1975,US Atlantic Coast,North Atlantic,CONNECTICUT,MENHADENS,515300,515300,25198,100%
1975,US Atlantic Coast,Mid-Atlantic,MARYLAND,MENHADENS,6105900,6105900,163300,100%
1975,US Atlantic Coast,Mid-Atlantic,NEW JERSEY,MENHADENS,65933800,65933800,1719176,100%
1975,US Atlantic Coast,Mid-Atlantic,NEW YORK,MENHADENS,1076400,1076400,42135,100%
1975,US Atlantic Coast,Mid-Atlantic,VIRGINIA,MENHADENS,315783300,315783300,7717046,100%
1975,US Atlantic Coast,Mid-Atlantic,DELAWARE,MENHADENS,20500,20500,821,100%
1974,US Atlantic Coast,North Atlantic,RHODE ISLAND,MENHADENS,20725500,20725500,299245,100%
1974,US Atlantic Coast,Mid-Atlantic,DELAWARE,MENHADENS,12600,12600,452,100%
1974,US Atlantic Coast,Mid-Atlantic,MARYLAND,MENHADENS,5523100,5523100,140607,100%
1974,US Atlantic Coast,Mid-Atlantic,NEW JERSEY,MENHADENS,107307400,107307400,2734829,100%
1974,US Atlantic Coast,South Atlantic,NORTH CAROLINA,MENHADENS,121197700,121197700,2886563,100%
1974,US Atlantic Coast,Mid-Atlantic,VIRGINIA,MENHADENS,379251700,379251700,11230030,100%
1974,US Atlantic Coast,North Atlantic,CONNECTICUT,MENHADENS,535000,535000,26873,100%
1974,US Atlantic Coast,North Atlantic,MASSACHUSETTS,MENHADENS,47032600,47032600,716741,100%
1974,US Atlantic Coast,North Atlantic,MAINE,MENHADENS,10148600,10148600,155089,100%
1974,US Atlantic Coast,Mid-Atlantic,NEW YORK,MENHADENS,576300,576300,17480,100%
1973,US Atlantic Coast,South Atlantic,NORTH CAROLINA,MENHADENS,66943000,66943000,2539604,100%
1973,US Atlantic Coast,Mid-Atlantic,DELAWARE,MENHADENS,32600,32600,1108,100%
1973,US Atlantic Coast,Mid-Atlantic,MARYLAND,MENHADENS,9657300,9657300,215795,100%
1973,US Atlantic Coast,Mid-Atlantic,NEW JERSEY,MENHADENS,154483200,154483200,3939308,100%
1973,US Atlantic Coast,North Atlantic,RHODE ISLAND,MENHADENS,15962000,15962000,303984,100%
1973,US Atlantic Coast,Mid-Atlantic,VIRGINIA,MENHADENS,495962600,495962600,20395798,100%
1973,US Atlantic Coast,North Atlantic,CONNECTICUT,MENHADENS,575600,575600,28722,100%
1973,US Atlantic Coast,North Atlantic,MASSACHUSETTS,MENHADENS,43173200,43173200,860547,100%
1973,US Atlantic Coast,North Atlantic,MAINE,MENHADENS,6935500,6935500,143693,100%
1973,US Atlantic Coast,Mid-Atlantic,NEW YORK,MENHADENS,1734100,1734100,52124,100%
1972,US Atlantic Coast,North Atlantic,RHODE ISLAND,MENHADENS,18402900,18402900,213916,100%
1972,US Atlantic Coast,Mid-Atlantic,DELAWARE,MENHADENS,29300,29300,961,100%
1972,US Atlantic Coast,Mid-Atlantic,MARYLAND,MENHADENS,7104300,7104300,142468,100%
1972,US Atlantic Coast,South Atlantic,NORTH CAROLINA,MENHADENS,84692100,84692100,1219329,100%
1972,US Atlantic Coast,North Atlantic,MASSACHUSETTS,MENHADENS,11919700,11919700,184070,100%
1972,US Atlantic Coast,Mid-Atlantic,NEW YORK,MENHADENS,1775200,1775200,53252,100%
1972,US Atlantic Coast,Mid-Atlantic,VIRGINIA,MENHADENS,549396700,549396700,9179565,100%
1972,US Atlantic Coast,North Atlantic,CONNECTICUT,MENHADENS,369100,369100,18452,100%
1972,US Atlantic Coast,Mid-Atlantic,NEW JERSEY,MENHADENS,138475800,138475800,2262142,100%
1971,US Atlantic Coast,Mid-Atlantic,MARYLAND,MENHADENS,5957600,5957600,119294,100%
1971,US Atlantic Coast,Mid-Atlantic,NEW JERSEY,MENHADENS,60563200,60563200,1045100,100%
1971,US Atlantic Coast,Mid-Atlantic,NEW YORK,MENHADENS,999300,999300,36871,100%
1971,US Atlantic Coast,South Atlantic,NORTH CAROLINA,MENHADENS,79488200,79488200,1116093,100%
1971,US Atlantic Coast,North Atlantic,CONNECTICUT,MENHADENS,353400,353400,17660,100%
1971,US Atlantic Coast,North Atlantic,MASSACHUSETTS,MENHADENS,6311600,6311600,116524,100%
1971,US Atlantic Coast,North Atlantic,RHODE ISLAND,MENHADENS,19228100,19228100,209409,100%
1971,US Atlantic Coast,Mid-Atlantic,VIRGINIA,MENHADENS,394144900,394144900,6430802,100%
1970,US Atlantic Coast,Mid-Atlantic,VIRGINIA,MENHADENS,445959900,445959900,7523581,100%
1970,US Atlantic Coast,North Atlantic,CONNECTICUT,MENHADENS,128300,128300,3284,100%
1970,US Atlantic Coast,North Atlantic,MASSACHUSETTS,MENHADENS,980400,980400,13216,100%
1970,US Atlantic Coast,Mid-Atlantic,NEW YORK,MENHADENS,741800,741800,33562,100%
1970,US Atlantic Coast,South Atlantic,NORTH CAROLINA,MENHADENS,108235200,108235200,1570489,100%
1970,US Atlantic Coast,Mid-Atlantic,MARYLAND,MENHADENS,3836900,3836900,113920,100%
1970,US Atlantic Coast,Mid-Atlantic,NEW JERSEY,MENHADENS,30727800,30727800,592261,100%
1970,US Atlantic Coast,North Atlantic,RHODE ISLAND,MENHADENS,9397900,9397900,120108,100%
1969,US Atlantic Coast,Mid-Atlantic,NEW YORK,MENHADENS,9762400,9762400,229940,100%
1969,US Atlantic Coast,Mid-Atlantic,VIRGINIA,MENHADENS,178195300,178195300,2724020,100%
1969,US Atlantic Coast,North Atlantic,CONNECTICUT,MENHADENS,12800,12800,410,100%
1969,US Atlantic Coast,Mid-Atlantic,NEW JERSEY,MENHADENS,33993300,33993300,613715,100%
1969,US Atlantic Coast,North Atlantic,RHODE ISLAND,MENHADENS,21400,21400,644,100%
1969,US Atlantic Coast,South Atlantic,NORTH CAROLINA,MENHADENS,145235000,145235000,2227738,100%
1969,US Atlantic Coast,Mid-Atlantic,MARYLAND,MENHADENS,3456400,3456400,98279,100%
1969,US Atlantic Coast,North Atlantic,MASSACHUSETTS,MENHADENS,11500,11500,186,100%
1968,US Atlantic Coast,Mid-Atlantic,NEW JERSEY,MENHADENS,68477500,68477500,963539,100%
1968,US Atlantic Coast,South Atlantic,NORTH CAROLINA,MENHADENS,167189100,167189100,1957865,100%
1968,US Atlantic Coast,Mid-Atlantic,NEW YORK,MENHADENS,17784800,17784800,193784,100%
1968,US Atlantic Coast,Mid-Atlantic,MARYLAND,MENHADENS,4360300,4360300,92076,100%
1968,US Atlantic Coast,North Atlantic,CONNECTICUT,MENHADENS,300,300,20,100%
1968,US Atlantic Coast,North Atlantic,MASSACHUSETTS,MENHADENS,7600,7600,112,100%
1968,US Atlantic Coast,North Atlantic,RHODE ISLAND,MENHADENS,14600,14600,224,100%
1968,US Atlantic Coast,Mid-Atlantic,VIRGINIA,MENHADENS,269717200,269717200,3618475,100%
1967,US Atlantic Coast,North Atlantic,CONNECTICUT,MENHADENS,2100,2100,71,100%
1967,US Atlantic Coast,North Atlantic,MASSACHUSETTS,MENHADENS,21000,21000,525,100%
1967,US Atlantic Coast,North Atlantic,RHODE ISLAND,MENHADENS,12800,12800,269,100%
1967,US Atlantic Coast,Mid-Atlantic,VIRGINIA,MENHADENS,220266900,220266900,2993441,100%
1967,US Atlantic Coast,South Atlantic,NORTH CAROLINA,MENHADENS,150480700,150480700,1693735,100%
1967,US Atlantic Coast,Mid-Atlantic,NEW JERSEY,MENHADENS,45895700,45895700,643631,100%
1967,US Atlantic Coast,Mid-Atlantic,NEW YORK,MENHADENS,642000,642000,26633,100%
1967,US Atlantic Coast,Mid-Atlantic,MARYLAND,MENHADENS,3000500,3000500,59788,100%
1966,US Atlantic Coast,Mid-Atlantic,DELAWARE,MENHADENS,4230800,4230800,52712,100%
1966,US Atlantic Coast,Mid-Atlantic,MARYLAND,MENHADENS,5504500,5504500,126027,100%
1966,US Atlantic Coast,Mid-Atlantic,NEW JERSEY,MENHADENS,12914700,12914700,263901,100%
1966,US Atlantic Coast,Mid-Atlantic,NEW YORK,MENHADENS,4870100,4870100,81742,100%
1966,US Atlantic Coast,South Atlantic,NORTH CAROLINA,MENHADENS,182288900,182288900,2537808,100%
1966,US Atlantic Coast,North Atlantic,CONNECTICUT,MENHADENS,2000,2000,54,100%
1966,US Atlantic Coast,North Atlantic,MASSACHUSETTS,MENHADENS,2800,2800,34,100%
1966,US Atlantic Coast,North Atlantic,RHODE ISLAND,MENHADENS,9000,9000,338,100%
1966,US Atlantic Coast,Mid-Atlantic,VIRGINIA,MENHADENS,272390500,272390500,4324685,100%
1965,US Atlantic Coast,Mid-Atlantic,VIRGINIA,MENHADENS,351613300,351613300,5248867,100%
1965,US Atlantic Coast,North Atlantic,CONNECTICUT,MENHADENS,3600,3600,68,100%
1965,US Atlantic Coast,North Atlantic,MASSACHUSETTS,MENHADENS,9100,9100,96,100%
1965,US Atlantic Coast,North Atlantic,RHODE ISLAND,MENHADENS,7400,7400,98,100%
1965,US Atlantic Coast,Mid-Atlantic,NEW YORK,MENHADENS,30139600,30139600,417407,100%
1965,US Atlantic Coast,Mid-Atlantic,MARYLAND,MENHADENS,8332800,8332800,153037,100%
1965,US Atlantic Coast,Mid-Atlantic,NEW JERSEY,MENHADENS,74373100,74373100,1270876,100%
1965,US Atlantic Coast,South Atlantic,NORTH CAROLINA,MENHADENS,160595300,160595300,2072174,100%
1965,US Atlantic Coast,Mid-Atlantic,DELAWARE,MENHADENS,46497400,46497400,579213,100%
1964,US Atlantic Coast,Mid-Atlantic,DELAWARE,MENHADENS,32554000,32554000,378494,100%
1964,US Atlantic Coast,Mid-Atlantic,MARYLAND,MENHADENS,5706300,5706300,91139,100%
1964,US Atlantic Coast,Mid-Atlantic,NEW JERSEY,MENHADENS,64278700,64278700,969552,100%
1964,US Atlantic Coast,South Atlantic,NORTH CAROLINA,MENHADENS,172991700,172991700,2248892,100%
1964,US Atlantic Coast,Mid-Atlantic,VIRGINIA,MENHADENS,330708500,330708500,4798343,100%
1964,US Atlantic Coast,North Atlantic,CONNECTICUT,MENHADENS,3900,3900,73,100%
1964,US Atlantic Coast,North Atlantic,MASSACHUSETTS,MENHADENS,2100,2100,35,100%
1964,US Atlantic Coast,Mid-Atlantic,NEW YORK,MENHADENS,42424700,42424700,516226,100%
1963,US Atlantic Coast,South Atlantic,NORTH CAROLINA,MENHADENS,190213800,190213800,2326005,100%
1963,US Atlantic Coast,Mid-Atlantic,DELAWARE,MENHADENS,102823600,102823600,1059083,100%
1963,US Atlantic Coast,Mid-Atlantic,MARYLAND,MENHADENS,3292900,3292900,53511,100%
1963,US Atlantic Coast,Mid-Atlantic,NEW JERSEY,MENHADENS,178377100,178377100,2196978,100%
1963,US Atlantic Coast,North Atlantic,RHODE ISLAND,MENHADENS,2800,2800,28,100%
1963,US Atlantic Coast,Mid-Atlantic,VIRGINIA,MENHADENS,255721900,255721900,3295035,100%
1963,US Atlantic Coast,North Atlantic,CONNECTICUT,MENHADENS,5100,5100,110,100%
1963,US Atlantic Coast,North Atlantic,MASSACHUSETTS,MENHADENS,344600,344600,3503,100%
1963,US Atlantic Coast,Mid-Atlantic,NEW YORK,MENHADENS,91650500,91650500,1013679,100%
1962,US Atlantic Coast,Mid-Atlantic,DELAWARE,MENHADENS,268704000,268704000,2782437,100%
1962,US Atlantic Coast,South Atlantic,NORTH CAROLINA,MENHADENS,122898100,122898100,1364169,100%
1962,US Atlantic Coast,Mid-Atlantic,MARYLAND,MENHADENS,4316100,4316100,76525,100%
1962,US Atlantic Coast,Mid-Atlantic,NEW JERSEY,MENHADENS,375526600,375526600,3901547,100%
1962,US Atlantic Coast,North Atlantic,RHODE ISLAND,MENHADENS,7715900,7715900,63710,100%
1962,US Atlantic Coast,Mid-Atlantic,VIRGINIA,MENHADENS,323594200,323594200,3884105,100%
1962,US Atlantic Coast,North Atlantic,CONNECTICUT,MENHADENS,4600,4600,57,100%
1962,US Atlantic Coast,North Atlantic,MASSACHUSETTS,MENHADENS,16031900,16031900,158813,100%
1962,US Atlantic Coast,Mid-Atlantic,NEW YORK,MENHADENS,138256200,138256200,1263217,100%
1961,US Atlantic Coast,Mid-Atlantic,NEW JERSEY,MENHADENS,328208000,328208000,,100%
1961,US Atlantic Coast,Mid-Atlantic,DELAWARE,MENHADENS,302773000,302773000,,100%
1961,US Atlantic Coast,Mid-Atlantic,MARYLAND,MENHADENS,3577700,3577700,,100%
1961,US Atlantic Coast,Mid-Atlantic,NEW YORK,MENHADENS,84068000,84068000,,100%
1961,US Atlantic Coast,South Atlantic,NORTH CAROLINA,MENHADENS,221555400,221555400,,100%
1961,US Atlantic Coast,North Atlantic,CONNECTICUT,MENHADENS,12300,12300,,100%
1961,US Atlantic Coast,North Atlantic,MASSACHUSETTS,MENHADENS,3362800,3362800,,100%
1961,US Atlantic Coast,North Atlantic,RHODE ISLAND,MENHADENS,22635600,22635600,,100%
1961,US Atlantic Coast,Mid-Atlantic,VIRGINIA,MENHADENS,295101100,295101100,,100%
1960,US Atlantic Coast,Mid-Atlantic,NEW YORK,MENHADENS,84161000,84161000,,100%
1960,US Atlantic Coast,Mid-Atlantic,VIRGINIA,MENHADENS,246001300,246001300,,100%
1960,US Atlantic Coast,North Atlantic,CONNECTICUT,MENHADENS,13000,13000,,100%
1960,US Atlantic Coast,North Atlantic,MASSACHUSETTS,MENHADENS,18032200,18032200,,100%
1960,US Atlantic Coast,Mid-Atlantic,NEW JERSEY,MENHADENS,305926700,305926700,,100%
1960,US Atlantic Coast,North Atlantic,RHODE ISLAND,MENHADENS,24549000,24549000,,100%
1960,US Atlantic Coast,South Atlantic,NORTH CAROLINA,MENHADENS,190431300,190431300,,100%
1960,US Atlantic Coast,Mid-Atlantic,DELAWARE,MENHADENS,280711000,280711000,,100%
1960,US Atlantic Coast,Mid-Atlantic,MARYLAND,MENHADENS,2903900,2903900,,100%
1960,US Atlantic Coast,North Atlantic,MAINE,MENHADENS,35000,35000,,100%
1959,US Atlantic Coast,Mid-Atlantic,DELAWARE,MENHADENS,281141000,281141000,,100%
1959,US Atlantic Coast,Mid-Atlantic,MARYLAND,MENHADENS,2203300,2203300,,100%
1959,US Atlantic Coast,Mid-Atlantic,NEW JERSEY,MENHADENS,296099600,296099600,,100%
1959,US Atlantic Coast,Mid-Atlantic,NEW YORK,MENHADENS,75783300,75783300,,100%
1959,US Atlantic Coast,South Atlantic,NORTH CAROLINA,MENHADENS,279887800,279887800,,100%
1959,US Atlantic Coast,North Atlantic,CONNECTICUT,MENHADENS,21400,21400,,100%
1959,US Atlantic Coast,North Atlantic,MASSACHUSETTS,MENHADENS,36584900,36584900,,100%
1959,US Atlantic Coast,North Atlantic,RHODE ISLAND,MENHADENS,16245000,16245000,,100%
1959,US Atlantic Coast,Mid-Atlantic,VIRGINIA,MENHADENS,412302100,412302100,,100%
1958,US Atlantic Coast,Mid-Atlantic,VIRGINIA,MENHADENS,320511700,320511700,,100%
1958,US Atlantic Coast,North Atlantic,CONNECTICUT,MENHADENS,22200,22200,,100%
1958,US Atlantic Coast,North Atlantic,MASSACHUSETTS,MENHADENS,3917300,3917300,,100%
1958,US Atlantic Coast,Mid-Atlantic,DELAWARE,MENHADENS,269667000,269667000,,100%
1958,US Atlantic Coast,South Atlantic,NORTH CAROLINA,MENHADENS,235384500,235384500,,100%
1958,US Atlantic Coast,Mid-Atlantic,MARYLAND,MENHADENS,2273800,2273800,,100%
1958,US Atlantic Coast,Mid-Atlantic,NEW JERSEY,MENHADENS,200550300,200550300,,100%
1958,US Atlantic Coast,Mid-Atlantic,NEW YORK,MENHADENS,55299000,55299000,,100%
1958,US Atlantic Coast,North Atlantic,RHODE ISLAND,MENHADENS,9914300,9914300,,100%
1957,US Atlantic Coast,Mid-Atlantic,DELAWARE,MENHADENS,286272200,286272200,,100%
1957,US Atlantic Coast,Mid-Atlantic,MARYLAND,MENHADENS,2398700,2398700,,100%
1957,US Atlantic Coast,Mid-Atlantic,NEW JERSEY,MENHADENS,418512200,418512200,,100%
1957,US Atlantic Coast,Mid-Atlantic,NEW YORK,MENHADENS,116770500,116770500,,100%
1957,US Atlantic Coast,South Atlantic,NORTH CAROLINA,MENHADENS,172522300,172522300,,100%
1957,US Atlantic Coast,North Atlantic,CONNECTICUT,MENHADENS,32500,32500,,100%
1957,US Atlantic Coast,North Atlantic,MASSACHUSETTS,MENHADENS,21704500,21704500,,100%
1957,US Atlantic Coast,North Atlantic,MAINE,MENHADENS,273400,273400,,100%
1957,US Atlantic Coast,North Atlantic,RHODE ISLAND,MENHADENS,19777700,19777700,,100%
1957,US Atlantic Coast,Mid-Atlantic,VIRGINIA,MENHADENS,265453100,265453100,,100%
1956,US Atlantic Coast,South Atlantic,NORTH CAROLINA,MENHADENS,246647900,246647900,,100%
1956,US Atlantic Coast,Mid-Atlantic,DELAWARE,MENHADENS,352946700,352946700,,100%
1956,US Atlantic Coast,Mid-Atlantic,MARYLAND,MENHADENS,1375300,1375300,,100%
1956,US Atlantic Coast,Mid-Atlantic,NEW JERSEY,MENHADENS,486224400,486224400,,100%
1956,US Atlantic Coast,North Atlantic,RHODE ISLAND,MENHADENS,11122000,11122000,,100%
1956,US Atlantic Coast,Mid-Atlantic,VIRGINIA,MENHADENS,189047100,189047100,,100%
1956,US Atlantic Coast,North Atlantic,CONNECTICUT,MENHADENS,22500,22500,,100%
1956,US Atlantic Coast,North Atlantic,MASSACHUSETTS,MENHADENS,66407000,66407000,,100%
1956,US Atlantic Coast,North Atlantic,MAINE,MENHADENS,1216400,1216400,,100%
1956,US Atlantic Coast,Mid-Atlantic,NEW YORK,MENHADENS,114397000,114397000,,100%
1955,US Atlantic Coast,North Atlantic,MAINE,MENHADENS,4016100,4016100,,100%
1955,US Atlantic Coast,North Atlantic,RHODE ISLAND,MENHADENS,14341500,14341500,,100%
1955,US Atlantic Coast,Mid-Atlantic,DELAWARE,MENHADENS,307475800,307475800,,100%
1955,US Atlantic Coast,Mid-Atlantic,MARYLAND,MENHADENS,1939900,1939900,,100%
1955,US Atlantic Coast,North Atlantic,MASSACHUSETTS,MENHADENS,61392900,61392900,,100%
1955,US Atlantic Coast,Mid-Atlantic,NEW JERSEY,MENHADENS,366734600,366734600,,100%
1955,US Atlantic Coast,Mid-Atlantic,NEW YORK,MENHADENS,89616300,89616300,,100%
1955,US Atlantic Coast,Mid-Atlantic,VIRGINIA,MENHADENS,313419400,313419400,,100%
1955,US Atlantic Coast,North Atlantic,CONNECTICUT,MENHADENS,43300,43300,,100%
1955,US Atlantic Coast,South Atlantic,NORTH CAROLINA,MENHADENS,184918700,184918700,,100%
1954,US Atlantic Coast,North Atlantic,CONNECTICUT,MENHADENS,69900,69900,,100%
1954,US Atlantic Coast,North Atlantic,MASSACHUSETTS,MENHADENS,35794400,35794400,,100%
1954,US Atlantic Coast,North Atlantic,MAINE,MENHADENS,5876400,5876400,,100%
1954,US Atlantic Coast,North Atlantic,RHODE ISLAND,MENHADENS,17944600,17944600,,100%
1954,US Atlantic Coast,Mid-Atlantic,VIRGINIA,MENHADENS,284932700,284932700,,100%
1954,US Atlantic Coast,Mid-Atlantic,NEW JERSEY,MENHADENS,376805100,376805100,,100%
1954,US Atlantic Coast,Mid-Atlantic,DELAWARE,MENHADENS,306479600,306479600,,100%
1954,US Atlantic Coast,Mid-Atlantic,MARYLAND,MENHADENS,3883100,3883100,,100%
1954,US Atlantic Coast,Mid-Atlantic,NEW YORK,MENHADENS,98475600,98475600,,100%
1954,US Atlantic Coast,South Atlantic,NORTH CAROLINA,MENHADENS,160301000,160301000,,100%
1953,US Atlantic Coast,North Atlantic,MAINE,MENHADENS,2184000,2184000,,100%
1953,US Atlantic Coast,North Atlantic,RHODE ISLAND,MENHADENS,17185000,17185000,,100%
1953,US Atlantic Coast,Mid-Atlantic,DELAWARE,MENHADENS,360843700,360843700,,100%
1953,US Atlantic Coast,Mid-Atlantic,MARYLAND,MENHADENS,2150900,2150900,,100%
1953,US Atlantic Coast,North Atlantic,MASSACHUSETTS,MENHADENS,20288400,20288400,,100%
1953,US Atlantic Coast,South Atlantic,NORTH CAROLINA,MENHADENS,132104700,132104700,,100%
1953,US Atlantic Coast,Mid-Atlantic,NEW YORK,MENHADENS,100431000,100431000,,100%
1953,US Atlantic Coast,Mid-Atlantic,VIRGINIA,MENHADENS,160075800,160075800,,100%
1953,US Atlantic Coast,North Atlantic,CONNECTICUT,MENHADENS,218200,218200,,100%
1953,US Atlantic Coast,Mid-Atlantic,NEW JERSEY,MENHADENS,396308700,396308700,,100%
1952,US Atlantic Coast,Mid-Atlantic,NEW YORK,MENHADENS,93189300,93189300,,100%
1952,US Atlantic Coast,Mid-Atlantic,VIRGINIA,MENHADENS,90929700,90929700,,100%
1952,US Atlantic Coast,North Atlantic,CONNECTICUT,MENHADENS,98900,98900,,100%
1952,US Atlantic Coast,North Atlantic,MASSACHUSETTS,MENHADENS,25980600,25980600,,100%
1952,US Atlantic Coast,Mid-Atlantic,NEW JERSEY,MENHADENS,179458200,179458200,,100%
1952,US Atlantic Coast,North Atlantic,RHODE ISLAND,MENHADENS,9403800,9403800,,100%
1952,US Atlantic Coast,South Atlantic,NORTH CAROLINA,MENHADENS,191341300,191341300,,100%
1952,US Atlantic Coast,Mid-Atlantic,DELAWARE,MENHADENS,207657100,207657100,,100%
1952,US Atlantic Coast,Mid-Atlantic,MARYLAND,MENHADENS,1444400,1444400,,100%
1952,US Atlantic Coast,North Atlantic,MAINE,MENHADENS,604600,604600,,100%
1951,US Atlantic Coast,North Atlantic,MASSACHUSETTS,MENHADENS,7208100,7208100,,100%
1951,US Atlantic Coast,North Atlantic,MAINE,MENHADENS,1514300,1514300,,100%
1951,US Atlantic Coast,North Atlantic,RHODE ISLAND,MENHADENS,2968500,2968500,,100%
1951,US Atlantic Coast,Mid-Atlantic,DELAWARE,MENHADENS,166488700,166488700,,100%
1951,US Atlantic Coast,North Atlantic,CONNECTICUT,MENHADENS,70100,70100,,100%
1951,US Atlantic Coast,Mid-Atlantic,NEW JERSEY,MENHADENS,189902600,189902600,,100%
1951,US Atlantic Coast,South Atlantic,NORTH CAROLINA,MENHADENS,104012900,104012900,,100%
1951,US Atlantic Coast,Mid-Atlantic,NEW YORK,MENHADENS,85433200,85433200,,100%
1951,US Atlantic Coast,Mid-Atlantic,VIRGINIA,MENHADENS,126993900,126993900,,100%
1951,US Atlantic Coast,Mid-Atlantic,MARYLAND,MENHADENS,430900,430900,,100%
1950,US Atlantic Coast,Mid-Atlantic,DELAWARE,MENHADENS,151857500,151857500,,100%
1950,US Atlantic Coast,Mid-Atlantic,MARYLAND,MENHADENS,1097400,1097400,,100%
1950,US Atlantic Coast,Mid-Atlantic,NEW JERSEY,MENHADENS,138578600,138578600,,100%
1950,US Atlantic Coast,Mid-Atlantic,NEW YORK,MENHADENS,82510400,82510400,,100%
1950,US Atlantic Coast,South Atlantic,NORTH CAROLINA,MENHADENS,124904900,124904900,,100%
1950,US Atlantic Coast,North Atlantic,CONNECTICUT,MENHADENS,43700,43700,,100%
1950,US Atlantic Coast,North Atlantic,MASSACHUSETTS,MENHADENS,8762000,8762000,,100%
1950,US Atlantic Coast,North Atlantic,MAINE,MENHADENS,490000,490000,,100%
1950,US Atlantic Coast,North Atlantic,RHODE ISLAND,MENHADENS,8100,8100,,100%
1950,US Atlantic Coast,Mid-Atlantic,VIRGINIA,MENHADENS,169814800,169814800,,100%
